<!-- 
	Führt ein getFeature mit einem BoundingBox-Filter durch. 
	Die Syntax und weitere Beispiele für die Filterdefinition findet
	sich in der OGC Filter Encoding Specification unter
	http://www.opengis.org/docs/02-059.pdf 

    Alle Features, von denen Teile in der angegebenen Bounding Box liegen, 
	werden zurückgeliefert. Außerdem wird nur ein bestimmtes Feld
	(admin_name) des FeatureTypes topp:laender angefragt und geliefert.
	
-->

<wfs:GetFeature service="WFS" version="1.0.0"
  outputFormat="GML2"
  xmlns:brd="http://brd.de"
  xmlns:wfs="http://www.opengis.net/wfs"
  xmlns:ogc="http://www.opengis.net/ogc"
  xmlns:gml="http://www.opengis.net/gml"
  xmlns:xsi="http://www.w3.org/2001/XMLSchema-instance"
  xsi:schemaLocation="http://www.opengis.net/wfs
                      http://schemas.opengis.net/wfs/1.0.0/WFS-basic.xsd">
  <wfs:Query typeName="brd:laender">
    <wfs:PropertyName>brd:ADMIN_NAME</wfs:PropertyName>
    <ogc:Filter>
      <ogc:BBOX>
        <ogc:PropertyName>the_geom</ogc:PropertyName>
        <gml:Box srsName="http://www.opengis.net/gml/srs/epsg.xml#4326">
           <gml:coordinates>8,50 9,55 </gml:coordinates>
        </gml:Box>
      </ogc:BBOX>
   </ogc:Filter>
  </wfs:Query>
</wfs:GetFeature>
