<!-- 
	Führt ein getFeature durch. 
	Die Syntax und weitere Beispiele für die Filterdefinition findet
	sich in der OGC Filter Encoding Specification unter
	http://www.opengis.org/docs/02-059.pdf 

    Diese Abfrage wird auf den FeatureType topp:laender abgesetzt. Alle 
	Bundesländer, die mit dem Buchstaben B anfangen, werden selektiert.
-->

<wfs:GetFeature service="WFS" version="1.0.0"
  outputFormat="GML2"
  xmlns:brd="http://brd.de"
  xmlns:wfs="http://www.opengis.net/wfs"
  xmlns:ogc="http://www.opengis.net/ogc"
  xmlns:xsi="http://www.w3.org/2001/XMLSchema-instance"
  xsi:schemaLocation="http://www.opengis.net/wfs
                      http://schemas.opengis.net/wfs/1.0.0/WFS-basic.xsd">
  <wfs:Query typeName="brd:laender">
	<wfs:PropertyName>brd:ADMIN_NAME</wfs:PropertyName>  
  	<ogc:Filter>
		<PropertyIsLike wildCard="*" singleChar="#" escapeChar="!">
			<PropertyName>ADMIN_NAME</PropertyName>
			<Literal>B*</Literal>
		</PropertyIsLike>
	</ogc:Filter>
  </wfs:Query>
</wfs:GetFeature>
