<!-- 
	Führt ein getFeature durch. 
	Die Syntax und weitere Beispiele für die Filterdefinition findet
	sich in der OGC Filter Encoding Specification unter
	http://www.opengis.org/docs/02-059.pdf 

    Diese Abfrage wird auf den FeatureType topp:laender abgesetzt. Nur das 
	Bundesland Hessen wird angefragt.
-->

<wfs:GetFeature service="WFS" version="1.0.0"
  outputFormat="GML2"
  xmlns:brd="http://brd.de"
  xmlns:wfs="http://www.opengis.net/wfs"
  xmlns:ogc="http://www.opengis.net/ogc"
  xmlns:xsi="http://www.w3.org/2001/XMLSchema-instance"
  xsi:schemaLocation="http://www.opengis.net/wfs
                      http://schemas.opengis.net/wfs/1.0.0/WFS-basic.xsd">
  <wfs:Query typeName="brd:laender">
    	<ogc:Filter>
			<PropertyIsEqualTo>
					<PropertyName>ADMIN_NAME</PropertyName>
					<Literal>Hessen</Literal>
			</PropertyIsEqualTo>
		</ogc:Filter>
    </wfs:Query>
</wfs:GetFeature>
