<!-- 
	Führt ein getFeature mit einem BoundingBox-Filter über einen logischen
	Operator mit einem Vergleichsoperator verbunden. 
	Die Syntax und weitere Beispiele für die Filterdefinition findet
	sich in der OGC Filter Encoding Specification unter
	http://www.opengis.org/docs/02-059.pdf 

    Alle Features, von denen Teile in der angegebenen Bounding Box liegen, 
	werden zurückgeliefert. Zusätzlich wird über das alphanumerische Attribut
	pop_admin (Bevölkerungszahl) ein Vergleichsoperator 
	<PropertyIsGreaterThan> eingesetzt. Beide Filter werden mit dem logischen 
	Operator <And> miteinander verkettet.
	
	Außerdem werden nur bestimmte Felder
	(admin_name, pop_admin) des FeatureTypes topp:laender angefragt und geliefert.
	
-->

<wfs:GetFeature service="WFS" version="1.0.0"
  outputFormat="GML2"
  xmlns:brd="http://brd.de"
  xmlns:wfs="http://www.opengis.net/wfs"
  xmlns:ogc="http://www.opengis.net/ogc"
  xmlns:gml="http://www.opengis.net/gml"
  xmlns:xsi="http://www.w3.org/2001/XMLSchema-instance"
  xsi:schemaLocation="http://www.opengis.net/wfs
                      http://schemas.opengis.net/wfs/1.0.0/WFS-basic.xsd">
  <wfs:Query typeName="brd:laender">
    <wfs:PropertyName>brd:ADMIN_NAME</wfs:PropertyName>
    <wfs:PropertyName>brd:POP_ADMIN</wfs:PropertyName>
    <ogc:Filter>
	 <And>	
      <ogc:BBOX>
        <ogc:PropertyName>the_geom</ogc:PropertyName>
        <gml:Box srsName="http://www.opengis.net/gml/srs/epsg.xml#4326">
           <gml:coordinates>8,50 9,55 </gml:coordinates>
        </gml:Box>
      </ogc:BBOX>
		<PropertyIsGreaterThan>
			<PropertyName>POP_ADMIN</PropertyName>
			<Literal>10000000</Literal>			
		</PropertyIsGreaterThan>	 
	 </And>	 
   </ogc:Filter>
  </wfs:Query>
</wfs:GetFeature>
